dt,Цена на арматуру,lag_1,lag_2,lag_4,lag_12,lag_52,rolling_mean_12,rolling_std_12,year,month,week,month_sin,month_cos,Цена_diff
2015-01-05,32900,,,,,,,,2015,1,2,0.49999999999999994,0.8660254037844387,
2015-01-12,32500,32900.0,,,,,,,2015,1,3,0.49999999999999994,0.8660254037844387,-400.0
2015-01-19,32000,32500.0,32900.0,,,,,,2015,1,4,0.49999999999999994,0.8660254037844387,-500.0
2015-01-26,30700,32000.0,32500.0,,,,,,2015,1,5,0.49999999999999994,0.8660254037844387,-1300.0
2015-02-02,30300,30700.0,32000.0,32900.0,,,,,2015,2,6,0.8660254037844386,0.5000000000000001,-400.0
2015-02-09,30300,30300.0,30700.0,32500.0,,,,,2015,2,7,0.8660254037844386,0.5000000000000001,0.0
2015-02-16,30100,30300.0,30300.0,32000.0,,,,,2015,2,8,0.8660254037844386,0.5000000000000001,-200.0
2015-02-23,29400,30100.0,30300.0,30700.0,,,,,2015,2,9,0.8660254037844386,0.5000000000000001,-700.0
2015-03-02,29200,29400.0,30100.0,30300.0,,,,,2015,3,10,1.0,6.123233995736766e-17,-200.0
2015-03-09,29000,29200.0,29400.0,30300.0,,,,,2015,3,11,1.0,6.123233995736766e-17,-200.0
2015-03-16,28700,29000.0,29200.0,30100.0,,,,,2015,3,12,1.0,6.123233995736766e-17,-300.0
2015-03-23,27800,28700.0,29000.0,29400.0,,,,,2015,3,13,1.0,6.123233995736766e-17,-900.0
2015-03-30,27200,27800.0,28700.0,29200.0,32900.0,,30241.666666666668,1571.599262669795,2015,3,14,1.0,6.123233995736766e-17,-600.0
2015-04-06,26600,27200.0,27800.0,29000.0,32500.0,,29766.666666666668,1556.4139045974384,2015,4,15,0.8660254037844387,-0.4999999999999998,-600.0
2015-04-13,25700,26600.0,27200.0,28700.0,32000.0,,29275.0,1546.329965963399,2015,4,16,0.8660254037844387,-0.4999999999999998,-900.0
2015-04-20,24800,25700.0,26600.0,27800.0,30700.0,,28750.0,1605.3886530285215,2015,4,17,0.8660254037844387,-0.4999999999999998,-900.0
2015-04-27,24700,24800.0,25700.0,27200.0,30300.0,,28258.333333333332,1840.1869140899469,2015,4,18,0.8660254037844387,-0.4999999999999998,-100.0
2015-05-04,24300,24700.0,24800.0,26600.0,30300.0,,27791.666666666668,1980.1094245857562,2015,5,19,0.49999999999999994,-0.8660254037844387,-400.0
2015-05-11,23900,24300.0,24700.0,25700.0,30100.0,,27291.666666666668,2045.5976380925197,2015,5,20,0.49999999999999994,-0.8660254037844387,-400.0
2015-05-18,24000,23900.0,24300.0,24800.0,29400.0,,26775.0,2054.7616539505134,2015,5,21,0.49999999999999994,-0.8660254037844387,100.0
2015-05-25,23700,24000.0,23900.0,24700.0,29200.0,,26325.0,2018.6066301468245,2015,5,22,0.49999999999999994,-0.8660254037844387,-300.0
2015-06-01,23500,23700.0,24000.0,24300.0,29000.0,,25866.666666666668,1928.8872596930203,2015,6,23,1.2246467991473532e-16,-1.0,-200.0
2015-06-08,23800,23500.0,23700.0,23900.0,28700.0,,25408.333333333332,1762.9821498262672,2015,6,24,1.2246467991473532e-16,-1.0,300.0
2015-06-15,24400,23800.0,23500.0,24000.0,27800.0,,25000.0,1475.2503639598337,2015,6,25,1.2246467991473532e-16,-1.0,600.0
2015-06-22,25000,24400.0,23800.0,23700.0,27200.0,,24716.666666666668,1186.9237038613155,2015,6,26,1.2246467991473532e-16,-1.0,600.0
2015-06-29,25300,25000.0,24400.0,23500.0,26600.0,,24533.333333333332,904.8689843219639,2015,6,27,1.2246467991473532e-16,-1.0,300.0
2015-07-06,25500,25300.0,25000.0,23800.0,25700.0,,24425.0,686.3937380515262,2015,7,28,-0.4999999999999997,-0.8660254037844388,200.0
2015-07-13,25500,25500.0,25300.0,24400.0,24800.0,,24408.333333333332,654.2981435141354,2015,7,29,-0.4999999999999997,-0.8660254037844388,0.0
2015-07-20,25400,25500.0,25500.0,25000.0,24700.0,,24466.666666666668,720.2693099028047,2015,7,30,-0.4999999999999997,-0.8660254037844388,-100.0
2015-07-27,25200,25400.0,25500.0,25300.0,24300.0,,24525.0,767.670620655868,2015,7,31,-0.4999999999999997,-0.8660254037844388,-200.0
2015-08-03,25000,25200.0,25400.0,25500.0,23900.0,,24600.0,787.4007874011709,2015,8,32,-0.8660254037844385,-0.5000000000000004,-200.0
2015-08-10,24700,25000.0,25200.0,25500.0,24000.0,,24691.666666666668,762.1242243449011,2015,8,33,-0.8660254037844385,-0.5000000000000004,-300.0
2015-08-17,24400,24700.0,25000.0,25400.0,23700.0,,24750.0,730.5041845440362,2015,8,34,-0.8660254037844385,-0.5000000000000004,-300.0
2015-08-24,24100,24400.0,24700.0,25200.0,23500.0,,24808.333333333332,663.9528095680573,2015,8,35,-0.8660254037844385,-0.5000000000000004,-300.0
2015-08-31,24100,24100.0,24400.0,25000.0,23800.0,,24858.333333333332,572.8054299725557,2015,8,36,-0.8660254037844385,-0.5000000000000004,0.0
2015-09-07,23900,24100.0,24100.0,24700.0,24400.0,,24883.333333333332,527.1420945805522,2015,9,37,-1.0,-1.8369701987210297e-16,-200.0
2015-09-14,24200,23900.0,24100.0,24400.0,25000.0,,24841.666666666668,585.3644293527741,2015,9,38,-1.0,-1.8369701987210297e-16,300.0
2015-09-21,24200,24200.0,23900.0,24100.0,25300.0,,24775.0,610.7000454024289,2015,9,39,-1.0,-1.8369701987210297e-16,0.0
2015-09-28,24000,24200.0,24200.0,24100.0,25500.0,,24683.333333333332,607.2790781739985,2015,9,40,-1.0,-1.8369701987210297e-16,-200.0
2015-10-05,24000,24000.0,24200.0,23900.0,25500.0,,24558.333333333332,577.5470596069107,2015,10,41,-0.8660254037844386,0.5000000000000001,0.0
2015-10-12,23800,24000.0,24000.0,24200.0,25400.0,,24433.333333333332,514.0451577851953,2015,10,42,-0.8660254037844386,0.5000000000000001,-200.0
2015-10-19,23800,23800.0,24000.0,24200.0,25200.0,,24300.0,443.1293675255773,2015,10,43,-0.8660254037844386,0.5000000000000001,0.0
2015-10-26,24200,23800.0,23800.0,24000.0,25000.0,,24183.333333333332,361.39460511474533,2015,10,44,-0.8660254037844386,0.5000000000000001,400.0
2015-11-02,24500,24200.0,23800.0,24000.0,24700.0,,24116.666666666668,255.2479483786258,2015,11,45,-0.5000000000000004,0.8660254037844384,300.0
2015-11-09,24500,24500.0,24200.0,23800.0,24400.0,,24100.0,217.4229226018035,2015,11,46,-0.5000000000000004,0.8660254037844384,0.0
2015-11-16,23950,24500.0,24500.0,23800.0,24100.0,,24108.333333333332,231.4316444667597,2015,11,47,-0.5000000000000004,0.8660254037844384,-550.0
2015-11-23,23750,23950.0,24500.0,24200.0,24100.0,,24095.833333333332,235.92981750482784,2015,11,48,-0.5000000000000004,0.8660254037844384,-200.0
2015-11-30,23100,23750.0,23950.0,24500.0,23900.0,,24066.666666666668,256.13680056962346,2015,11,49,-0.5000000000000004,0.8660254037844384,-650.0
2015-12-07,22800,23100.0,23750.0,24500.0,24200.0,,24000.0,378.3937343321115,2015,12,50,-2.4492935982947064e-16,1.0,-300.0
2015-12-14,22000,22800.0,23100.0,23950.0,24200.0,,23883.333333333332,505.5749802017923,2015,12,51,-2.4492935982947064e-16,1.0,-800.0
2015-12-21,21700,22000.0,22800.0,23750.0,24000.0,,23700.0,729.5702346400299,2015,12,52,-2.4492935982947064e-16,1.0,-300.0
2015-12-28,21300,21700.0,22000.0,23100.0,24000.0,,23508.333333333332,920.679920032741,2015,12,53,-2.4492935982947064e-16,1.0,-400.0
2016-01-04,21300,21300.0,21700.0,22800.0,23800.0,32900.0,23283.333333333332,1101.7204177048982,2016,1,1,0.49999999999999994,0.8660254037844387,0.0
2016-01-11,21300,21300.0,21300.0,22000.0,23800.0,32500.0,23075.0,1224.6520841744002,2016,1,2,0.49999999999999994,0.8660254037844387,0.0
2016-01-18,21200,21300.0,21300.0,21700.0,24200.0,32000.0,22866.666666666668,1300.407861426783,2016,1,3,0.49999999999999994,0.8660254037844387,-100.0
2016-01-25,21000,21200.0,21300.0,21300.0,24500.0,30700.0,22616.666666666668,1309.1172135404265,2016,1,4,0.49999999999999994,0.8660254037844387,-200.0
2016-02-01,21000,21000.0,21200.0,21300.0,24500.0,30300.0,22325.0,1239.4096835333887,2016,2,5,0.8660254037844386,0.5000000000000001,0.0
2016-02-08,21000,21000.0,21000.0,21300.0,23950.0,30300.0,22033.333333333332,1082.9952852523224,2016,2,6,0.8660254037844386,0.5000000000000001,0.0
2016-02-15,21200,21000.0,21000.0,21200.0,23750.0,30100.0,21787.5,932.7683625540648,2016,2,7,0.8660254037844386,0.5000000000000001,200.0
2016-02-22,21800,21200.0,21000.0,21000.0,23100.0,29400.0,21575.0,708.5516597577265,2016,2,8,0.8660254037844386,0.5000000000000001,600.0
2016-02-29,22450,21800.0,21200.0,21000.0,22800.0,29200.0,21466.666666666668,531.4360191257435,2016,2,9,0.8660254037844386,0.5000000000000001,650.0
2016-03-07,23300,22450.0,21800.0,21000.0,22000.0,29000.0,21437.5,455.83340258154215,2016,3,10,1.0,6.123233995736766e-17,850.0
2016-03-14,23800,23300.0,22450.0,21200.0,21700.0,28700.0,21545.833333333332,693.9538671244246,2016,3,11,1.0,6.123233995736766e-17,500.0
2016-03-21,25500,23800.0,23300.0,21800.0,21300.0,27800.0,21720.833333333332,952.8565506205947,2016,3,12,1.0,6.123233995736766e-17,1700.0
2016-03-28,26700,25500.0,23800.0,22450.0,21300.0,27200.0,22070.833333333332,1434.0753012645246,2016,3,13,1.0,6.123233995736766e-17,1200.0
2016-04-04,29900,26700.0,25500.0,23300.0,21300.0,26600.0,22520.833333333332,1931.2570486288841,2016,4,14,0.8660254037844387,-0.4999999999999998,3200.0
2016-04-11,29950,29900.0,26700.0,23800.0,21200.0,25700.0,23237.5,2825.6234227640243,2016,4,15,0.8660254037844387,-0.4999999999999998,50.0
2016-04-18,31500,29950.0,29900.0,25500.0,21000.0,24800.0,23966.666666666668,3335.0980177318233,2016,4,16,0.8660254037844387,-0.4999999999999998,1550.0
2016-04-25,31900,31500.0,29950.0,26700.0,21000.0,24700.0,24841.666666666668,3827.1062729224514,2016,4,17,0.8660254037844387,-0.4999999999999998,400.0
2016-05-02,40300,31900.0,31500.0,29900.0,21000.0,24300.0,25750.0,4115.105212396259,2016,5,18,0.49999999999999994,-0.8660254037844387,8400.0
2016-05-09,43500,40300.0,31900.0,29950.0,21200.0,23900.0,27358.333333333332,5595.242838719547,2016,5,19,0.49999999999999994,-0.8660254037844387,3200.0
2016-05-16,43350,43500.0,40300.0,31500.0,21800.0,24000.0,29216.666666666668,6912.18730456093,2016,5,20,0.49999999999999994,-0.8660254037844387,-150.0
2016-05-23,42950,43350.0,43500.0,31900.0,22450.0,23700.0,31012.5,7577.512334652986,2016,5,21,0.49999999999999994,-0.8660254037844387,-400.0
2016-05-30,42000,42950.0,43350.0,40300.0,23300.0,23500.0,32720.833333333332,7779.76566407233,2016,5,22,0.49999999999999994,-0.8660254037844387,-950.0
2016-06-06,38300,42000.0,42950.0,43500.0,23800.0,23800.0,34279.166666666664,7591.755645954286,2016,6,23,1.2246467991473532e-16,-1.0,-3700.0
2016-06-13,37500,38300.0,42000.0,43350.0,25500.0,24400.0,35487.5,6894.105683975129,2016,6,24,1.2246467991473532e-16,-1.0,-800.0
2016-06-20,36800,37500.0,38300.0,42950.0,26700.0,25000.0,36487.5,6143.108666701991,2016,6,25,1.2246467991473532e-16,-1.0,-700.0
2016-06-27,35400,36800.0,37500.0,42000.0,29900.0,25300.0,37329.166666666664,5316.503393522227,2016,6,26,1.2246467991473532e-16,-1.0,-1400.0
2016-07-04,34400,35400.0,36800.0,38300.0,29950.0,25500.0,37787.5,4832.895095075005,2016,7,27,-0.4999999999999997,-0.8660254037844388,-1000.0
2016-07-11,33400,34400.0,35400.0,37500.0,31500.0,25500.0,38158.333333333336,4320.397358268494,2016,7,28,-0.4999999999999997,-0.8660254037844388,-1000.0
2016-07-18,32500,33400.0,34400.0,36800.0,31900.0,25400.0,38316.666666666664,4082.464347855987,2016,7,29,-0.4999999999999997,-0.8660254037844388,-900.0
2016-07-25,32000,32500.0,33400.0,35400.0,40300.0,25200.0,38366.666666666664,3999.5643702177376,2016,7,30,-0.4999999999999997,-0.8660254037844388,-500.0
2016-08-01,31000,32000.0,32500.0,34400.0,43500.0,25000.0,37675.0,4338.176198274197,2016,8,31,-0.8660254037844385,-0.5000000000000004,-1000.0
2016-08-08,30200,31000.0,32000.0,33400.0,43350.0,24700.0,36633.333333333336,4313.000080798715,2016,8,32,-0.8660254037844385,-0.5000000000000004,-800.0
2016-08-15,29200,30200.0,31000.0,32500.0,42950.0,24400.0,35537.5,4117.4310724484085,2016,8,33,-0.8660254037844385,-0.5000000000000004,-1000.0
2016-08-22,28850,29200.0,30200.0,32000.0,42000.0,24100.0,34391.666666666664,3765.261872658655,2016,8,34,-0.8660254037844385,-0.5000000000000004,-350.0
2016-08-29,28700,28850.0,29200.0,31000.0,38300.0,24100.0,33295.833333333336,3224.371561978697,2016,8,35,-0.8660254037844385,-0.5000000000000004,-150.0
2016-09-05,28500,28700.0,28850.0,30200.0,37500.0,23900.0,32495.833333333332,3056.4728880118473,2016,9,36,-1.0,-1.8369701987210297e-16,-200.0
2016-09-12,30000,28500.0,28700.0,29200.0,36800.0,24200.0,31745.833333333332,2811.296880714507,2016,9,37,-1.0,-1.8369701987210297e-16,1500.0
2016-09-19,32000,30000.0,28500.0,28850.0,35400.0,24200.0,31179.166666666668,2346.8991469725693,2016,9,38,-1.0,-1.8369701987210297e-16,2000.0
2016-09-26,32500,32000.0,30000.0,28700.0,34400.0,24000.0,30895.833333333332,1965.2039372928914,2016,9,39,-1.0,-1.8369701987210297e-16,500.0
2016-10-03,33300,32500.0,32000.0,28500.0,33400.0,24000.0,30737.5,1718.2344268040126,2016,10,40,-0.8660254037844386,0.5000000000000001,800.0
2016-10-10,34300,33300.0,32500.0,30000.0,32500.0,23800.0,30729.166666666668,1704.333825246321,2016,10,41,-0.8660254037844386,0.5000000000000001,1000.0
2016-10-17,33700,34300.0,33300.0,32000.0,32000.0,23800.0,30879.166666666668,1937.6014147456158,2016,10,42,-0.8660254037844386,0.5000000000000001,-600.0
2016-10-24,32200,33700.0,34300.0,32500.0,31000.0,24200.0,31020.833333333332,2083.6439162431134,2016,10,43,-0.8660254037844386,0.5000000000000001,-1500.0
2016-10-31,30400,32200.0,33700.0,33300.0,30200.0,24500.0,31120.833333333332,2111.167097875363,2016,10,44,-0.8660254037844386,0.5000000000000001,-1800.0
2016-11-07,30200,30400.0,32200.0,34300.0,29200.0,24500.0,31137.5,2104.014020865823,2016,11,45,-0.5000000000000004,0.8660254037844384,-200.0
2016-11-14,29800,30200.0,30400.0,33700.0,28850.0,23950.0,31220.833333333332,2039.1016664356325,2016,11,46,-0.5000000000000004,0.8660254037844384,-400.0
2016-11-21,33500,29800.0,30200.0,32200.0,28700.0,23750.0,31300.0,1955.4120700344292,2016,11,47,-0.5000000000000004,0.8660254037844384,3700.0
2016-11-28,33500,33500.0,29800.0,30400.0,28500.0,23100.0,31700.0,1864.0132656570397,2016,11,48,-0.5000000000000004,0.8660254037844384,0.0
2016-12-05,33500,33500.0,33500.0,30200.0,30000.0,22800.0,32116.666666666668,1627.5097169565058,2016,12,49,-2.4492935982947064e-16,1.0,0.0
2016-12-12,33500,33500.0,33500.0,29800.0,32000.0,22000.0,32408.333333333332,1524.0247751107856,2016,12,50,-2.4492935982947064e-16,1.0,0.0
2016-12-19,33000,33500.0,33500.0,33500.0,32500.0,21700.0,32533.333333333332,1548.8020786362097,2016,12,51,-2.4492935982947064e-16,1.0,-500.0
2016-12-26,32500,33000.0,33500.0,33500.0,33300.0,21300.0,32575.0,1554.5388091298569,2016,12,52,-2.4492935982947064e-16,1.0,-500.0
2017-01-02,33750,32500.0,33000.0,33500.0,34300.0,21300.0,32508.333333333332,1537.683223869488,2017,1,1,0.49999999999999994,0.8660254037844387,1250.0
2017-01-09,33750,33750.0,32500.0,33500.0,33700.0,21300.0,32462.5,1486.7788549869579,2017,1,2,0.49999999999999994,0.8660254037844387,0.0
2017-01-16,33750,33750.0,33750.0,33000.0,32200.0,21200.0,32466.666666666668,1490.6272830488722,2017,1,3,0.49999999999999994,0.8660254037844387,0.0
2017-01-23,33750,33750.0,33750.0,32500.0,30400.0,21000.0,32595.833333333332,1532.0008208716729,2017,1,4,0.49999999999999994,0.8660254037844387,0.0
2017-01-30,33000,33750.0,33750.0,33750.0,30200.0,21000.0,32875.0,1394.5510844973335,2017,1,5,0.49999999999999994,0.8660254037844387,-750.0
2017-02-06,32600,33000.0,33750.0,33750.0,29800.0,21000.0,33108.333333333336,1111.8848316205404,2017,2,6,0.8660254037844386,0.5000000000000001,-400.0
2017-02-13,32000,32600.0,33000.0,33750.0,33500.0,21200.0,33341.666666666664,453.18736509168644,2017,2,7,0.8660254037844386,0.5000000000000001,-600.0
2017-02-20,31300,32000.0,32600.0,33750.0,33500.0,21800.0,33216.666666666664,591.3518155015075,2017,2,8,0.8660254037844386,0.5000000000000001,-700.0
2017-02-27,30300,31300.0,32000.0,33000.0,33500.0,22450.0,33033.333333333336,799.8105836364823,2017,2,9,0.8660254037844386,0.5000000000000001,-1000.0
2017-03-06,30500,30300.0,31300.0,32600.0,33500.0,23300.0,32766.666666666668,1105.2217657624713,2017,3,10,1.0,6.123233995736766e-17,200.0
2017-03-13,30700,30500.0,30300.0,32000.0,33000.0,23800.0,32516.666666666668,1253.6008740883665,2017,3,11,1.0,6.123233995736766e-17,200.0
2017-03-20,30600,30700.0,30500.0,31300.0,32500.0,25500.0,32325.0,1345.4468672999467,2017,3,12,1.0,6.123233995736766e-17,-100.0
2017-03-27,30400,30600.0,30700.0,30300.0,33750.0,26700.0,32166.666666666668,1431.993736231423,2017,3,13,1.0,6.123233995736766e-17,-200.0
2017-04-03,29800,30400.0,30600.0,30500.0,33750.0,29900.0,31887.5,1421.76666670218,2017,4,14,0.8660254037844387,-0.4999999999999998,-600.0
2017-04-10,29500,29800.0,30400.0,30700.0,33750.0,29950.0,31558.333333333332,1408.5507273489054,2017,4,15,0.8660254037844387,-0.4999999999999998,-300.0
2017-04-17,28200,29500.0,29800.0,30600.0,33750.0,31500.0,31204.166666666668,1340.02346202888,2017,4,16,0.8660254037844387,-0.4999999999999998,-1300.0
2017-04-24,27500,28200.0,29500.0,30400.0,33000.0,31900.0,30741.666666666668,1339.2388159176842,2017,4,17,0.8660254037844387,-0.4999999999999998,-700.0
2017-05-01,26500,27500.0,28200.0,29800.0,32600.0,40300.0,30283.333333333332,1433.8969998087766,2017,5,18,0.49999999999999994,-0.8660254037844387,-1000.0
2017-05-08,26300,26500.0,27500.0,29500.0,32000.0,43500.0,29775.0,1608.570794214546,2017,5,19,0.49999999999999994,-0.8660254037844387,-200.0
2017-05-15,26300,26300.0,26500.0,28200.0,31300.0,43350.0,29300.0,1728.8987561713773,2017,5,20,0.49999999999999994,-0.8660254037844387,0.0
2017-05-22,26200,26300.0,26300.0,27500.0,30300.0,42950.0,28883.333333333332,1803.9518907782603,2017,5,21,0.49999999999999994,-0.8660254037844387,-100.0
2017-05-29,26150,26200.0,26300.0,26500.0,30500.0,42000.0,28541.666666666668,1897.10704798522,2017,5,22,0.49999999999999994,-0.8660254037844387,-50.0
2017-06-05,26150,26150.0,26200.0,26300.0,30700.0,38300.0,28179.166666666668,1904.4753910595878,2017,6,23,1.2246467991473532e-16,-1.0,0.0
2017-06-12,26150,26150.0,26150.0,26300.0,30600.0,37500.0,27800.0,1807.4341431483049,2017,6,24,1.2246467991473532e-16,-1.0,0.0
2017-06-19,26350,26150.0,26150.0,26200.0,30400.0,36800.0,27429.166666666668,1628.36481468283,2017,6,25,1.2246467991473532e-16,-1.0,200.0
2017-06-26,26550,26350.0,26150.0,26150.0,29800.0,35400.0,27091.666666666668,1353.0828996530195,2017,6,26,1.2246467991473532e-16,-1.0,200.0
2017-07-03,26650,26550.0,26350.0,26150.0,29500.0,34400.0,26820.833333333332,1053.8799166830997,2017,7,27,-0.4999999999999997,-0.8660254037844388,100.0
2017-07-10,28000,26650.0,26550.0,26150.0,28200.0,33400.0,26583.333333333332,631.856331963629,2017,7,28,-0.4999999999999997,-0.8660254037844388,1350.0
2017-07-17,28800,28000.0,26650.0,26350.0,27500.0,32500.0,26566.666666666668,586.3342722270182,2017,7,29,-0.4999999999999997,-0.8660254037844388,800.0
2017-07-24,29400,28800.0,28000.0,26550.0,26500.0,32000.0,26675.0,839.7781092213452,2017,7,30,-0.4999999999999997,-0.8660254037844388,600.0
2017-07-31,29400,29400.0,28800.0,26650.0,26300.0,31000.0,26916.666666666668,1146.2058623074547,2017,7,31,-0.4999999999999997,-0.8660254037844388,0.0
2017-08-07,30900,29400.0,29400.0,28000.0,26300.0,30200.0,27175.0,1329.3026196263747,2017,8,32,-0.8660254037844385,-0.5000000000000004,1500.0
2017-08-14,33900,30900.0,29400.0,28800.0,26200.0,29200.0,27558.333333333332,1672.8898965743927,2017,8,33,-0.8660254037844385,-0.5000000000000004,3000.0
2017-08-21,35900,33900.0,30900.0,29400.0,26150.0,28850.0,28200.0,2416.1389183421,2017,8,34,-0.8660254037844385,-0.5000000000000004,2000.0
2017-08-28,36800,35900.0,33900.0,29400.0,26150.0,28700.0,29012.5,3182.060867368254,2017,8,35,-0.8660254037844385,-0.5000000000000004,900.0
2017-09-04,38600,36800.0,35900.0,30900.0,26150.0,28500.0,29900.0,3746.270873087726,2017,9,36,-1.0,-1.8369701987210297e-16,1800.0
2017-09-11,39600,38600.0,36800.0,33900.0,26350.0,30000.0,30937.5,4296.834194021116,2017,9,37,-1.0,-1.8369701987210297e-16,1000.0
2017-09-18,38800,39600.0,38600.0,35900.0,26550.0,32000.0,32041.666666666668,4694.814999420941,2017,9,38,-1.0,-1.8369701987210297e-16,-800.0
2017-09-25,38800,38800.0,39600.0,36800.0,26650.0,32500.0,33062.5,4723.881541506069,2017,9,39,-1.0,-1.8369701987210297e-16,0.0
2017-10-02,37500,38800.0,38800.0,38600.0,28000.0,33300.0,34075.0,4522.293263780698,2017,10,40,-0.8660254037844386,0.5000000000000001,-1300.0
2017-10-09,37000,37500.0,38800.0,39600.0,28800.0,34300.0,34866.666666666664,4180.764030507793,2017,10,41,-0.8660254037844386,0.5000000000000001,-500.0
2017-10-16,35800,37000.0,37500.0,38800.0,29400.0,33700.0,35550.0,3746.6348537417675,2017,10,42,-0.8660254037844386,0.5000000000000001,-1200.0
2017-10-23,33800,35800.0,37000.0,38800.0,29400.0,32200.0,36083.333333333336,3208.4641846594254,2017,10,43,-0.8660254037844386,0.5000000000000001,-2000.0
2017-10-30,31500,33800.0,35800.0,37500.0,30900.0,30400.0,36450.0,2561.4271590090016,2017,10,44,-0.8660254037844386,0.5000000000000001,-2300.0
2017-11-06,30000,31500.0,33800.0,37000.0,33900.0,30200.0,36500.0,2446.518862681091,2017,11,45,-0.5000000000000004,0.8660254037844384,-1500.0
2017-11-13,32500,30000.0,31500.0,35800.0,35900.0,29800.0,36175.0,3016.0555215530685,2017,11,46,-0.5000000000000004,0.8660254037844384,2500.0
2017-11-20,32500,32500.0,30000.0,33800.0,36800.0,33500.0,35891.666666666664,3198.425275416653,2017,11,47,-0.5000000000000004,0.8660254037844384,0.0
2017-11-27,32000,32500.0,32500.0,31500.0,38600.0,33500.0,35533.333333333336,3325.7489473208766,2017,11,48,-0.5000000000000004,0.8660254037844384,-500.0
2017-12-04,31500,32000.0,32500.0,30000.0,39600.0,33500.0,34983.333333333336,3318.2233289225624,2017,12,49,-2.4492935982947064e-16,1.0,-500.0
2017-12-11,31700,31500.0,32000.0,32500.0,38800.0,33500.0,34308.333333333336,3111.1115620490104,2017,12,50,-2.4492935982947064e-16,1.0,200.0
2017-12-18,31800,31700.0,31500.0,32500.0,38800.0,33000.0,33716.666666666664,2842.800582438917,2017,12,51,-2.4492935982947064e-16,1.0,100.0
2017-12-25,34600,31800.0,31700.0,32000.0,37500.0,32500.0,33133.333333333336,2386.451657828295,2017,12,52,-2.4492935982947064e-16,1.0,2800.0
2018-01-01,35600,34600.0,31800.0,31500.0,37000.0,33750.0,32891.666666666664,2023.2549533018603,2018,1,1,0.49999999999999994,0.8660254037844387,1000.0
2018-01-08,35600,35600.0,34600.0,31700.0,35800.0,33750.0,32775.0,1791.9643868214214,2018,1,2,0.49999999999999994,0.8660254037844387,0.0
2018-01-15,35600,35600.0,35600.0,31800.0,33800.0,33750.0,32758.333333333332,1761.9505376058678,2018,1,3,0.49999999999999994,0.8660254037844387,0.0
2018-01-22,35300,35600.0,35600.0,34600.0,31500.0,33750.0,32908.333333333336,1927.5317864768645,2018,1,4,0.49999999999999994,0.8660254037844387,-300.0
2018-01-29,34500,35300.0,35600.0,35600.0,30000.0,33000.0,33225.0,1986.374037834192,2018,1,5,0.49999999999999994,0.8660254037844387,-800.0
2018-02-05,33700,34500.0,35300.0,35600.0,32500.0,32600.0,33600.0,1730.4754995507267,2018,2,6,0.8660254037844386,0.5000000000000001,-800.0
2018-02-12,34000,33700.0,34500.0,35600.0,32500.0,32000.0,33700.0,1695.4484523409535,2018,2,7,0.8660254037844386,0.5000000000000001,300.0
2018-02-19,33900,34000.0,33700.0,35300.0,32000.0,31300.0,33825.0,1653.7148264657371,2018,2,8,0.8660254037844386,0.5000000000000001,-100.0
2018-02-26,32700,33900.0,34000.0,34500.0,31500.0,30300.0,33983.333333333336,1550.8550916031404,2018,2,9,0.8660254037844386,0.5000000000000001,-1200.0
2018-03-05,32900,32700.0,33900.0,33700.0,31700.0,30500.0,34083.333333333336,1408.3086782851265,2018,3,10,1.0,6.123233995736766e-17,200.0
2018-03-12,33300,32900.0,32700.0,34000.0,31800.0,30700.0,34183.333333333336,1258.3057392117369,2018,3,11,1.0,6.123233995736766e-17,400.0
2018-03-19,33600,33300.0,32900.0,33900.0,34600.0,30600.0,34308.333333333336,1058.6941642104157,2018,3,12,1.0,6.123233995736766e-17,300.0
2018-03-26,34800,33600.0,33300.0,32700.0,35600.0,30400.0,34225.0,1072.9102309309123,2018,3,13,1.0,6.123233995736766e-17,1200.0
2018-04-02,36100,34800.0,33600.0,32900.0,35600.0,29800.0,34158.333333333336,1002.2323567763912,2018,4,14,0.8660254037844387,-0.4999999999999998,1300.0
2018-04-09,36100,36100.0,34800.0,33300.0,35600.0,29500.0,34200.0,1075.3434969178447,2018,4,15,0.8660254037844387,-0.4999999999999998,0.0
2018-04-16,35900,36100.0,36100.0,33600.0,35300.0,28200.0,34241.666666666664,1142.1338349639936,2018,4,16,0.8660254037844387,-0.4999999999999998,-200.0
2018-04-23,35900,35900.0,36100.0,34800.0,34500.0,27500.0,34291.666666666664,1204.128000847129,2018,4,17,0.8660254037844387,-0.4999999999999998,0.0
2018-04-30,36400,35900.0,35900.0,36100.0,33700.0,26500.0,34408.333333333336,1290.847736484725,2018,4,18,0.8660254037844387,-0.4999999999999998,500.0
2018-05-07,37900,36400.0,35900.0,36100.0,34000.0,26300.0,34633.333333333336,1387.8258558120538,2018,5,19,0.49999999999999994,-0.8660254037844387,1500.0
2018-05-14,37700,37900.0,36400.0,35900.0,33900.0,26300.0,34958.333333333336,1656.6441069129914,2018,5,20,0.49999999999999994,-0.8660254037844387,-200.0
2018-05-21,37900,37700.0,37900.0,35900.0,32700.0,26200.0,35275.0,1793.4856868931934,2018,5,21,0.49999999999999994,-0.8660254037844387,200.0
2018-05-28,37900,37900.0,37700.0,36400.0,32900.0,26150.0,35708.333333333336,1742.2338499405353,2018,5,22,0.49999999999999994,-0.8660254037844387,0.0
2018-06-04,37600,37900.0,37900.0,37900.0,33300.0,26150.0,36125.0,1601.7745840728155,2018,6,23,1.2246467991473532e-16,-1.0,-300.0
2018-06-11,37400,37600.0,37900.0,37700.0,33600.0,26150.0,36483.333333333336,1377.63521582406,2018,6,24,1.2246467991473532e-16,-1.0,-200.0
2018-06-18,37400,37400.0,37600.0,37900.0,34800.0,26350.0,36800.0,1053.1338514598788,2018,6,25,1.2246467991473532e-16,-1.0,0.0
2018-06-25,37100,37400.0,37400.0,37900.0,36100.0,26550.0,37016.666666666664,852.6251796478326,2018,6,26,1.2246467991473532e-16,-1.0,-300.0
2018-07-02,37100,37100.0,37400.0,37600.0,36100.0,26650.0,37100.0,802.2695081057008,2018,7,27,-0.4999999999999997,-0.8660254037844388,0.0
2018-07-09,37200,37100.0,37100.0,37400.0,35900.0,28000.0,37183.333333333336,738.3437648895748,2018,7,28,-0.4999999999999997,-0.8660254037844388,100.0
2018-07-16,37800,37200.0,37100.0,37400.0,35900.0,28800.0,37291.666666666664,618.5883244544043,2018,7,29,-0.4999999999999997,-0.8660254037844388,600.0
2018-07-23,37500,37800.0,37200.0,37100.0,36400.0,29400.0,37450.0,450.2524544375728,2018,7,30,-0.4999999999999997,-0.8660254037844388,-300.0
2018-07-30,37500,37500.0,37800.0,37100.0,37900.0,29400.0,37541.666666666664,305.8767824801177,2018,7,31,-0.4999999999999997,-0.8660254037844388,0.0
2018-08-06,39400,37500.0,37500.0,37200.0,37700.0,30900.0,37508.333333333336,284.31203515348636,2018,8,32,-0.8660254037844385,-0.5000000000000004,1900.0
2018-08-13,39650,39400.0,37500.0,37800.0,37900.0,33900.0,37650.0,617.1783299086827,2018,8,33,-0.8660254037844385,-0.5000000000000004,250.0
2018-08-20,40750,39650.0,39400.0,37500.0,37900.0,35900.0,37795.833333333336,845.968603901855,2018,8,34,-0.8660254037844385,-0.5000000000000004,1100.0
2018-08-27,43100,40750.0,39650.0,37500.0,37600.0,36800.0,38033.333333333336,1202.7115828472417,2018,8,35,-0.8660254037844385,-0.5000000000000004,2350.0
2018-09-03,48700,43100.0,40750.0,39400.0,37400.0,38600.0,38491.666666666664,1879.8976438931186,2018,9,36,-1.0,-1.8369701987210297e-16,5600.0
2018-09-10,48850,48700.0,43100.0,39650.0,37400.0,39600.0,39433.333333333336,3454.2683301922866,2018,9,37,-1.0,-1.8369701987210297e-16,150.0
2018-09-17,48350,48850.0,48700.0,40750.0,37100.0,38800.0,40387.5,4315.570382611365,2018,9,38,-1.0,-1.8369701987210297e-16,-500.0
2018-09-24,44600,48350.0,48850.0,43100.0,37100.0,38800.0,41325.0,4737.783332856258,2018,9,39,-1.0,-1.8369701987210297e-16,-3750.0
2018-10-01,42600,44600.0,48350.0,48700.0,37200.0,37500.0,41950.0,4623.064705660834,2018,10,40,-0.8660254037844386,0.5000000000000001,-2000.0
2018-10-08,41500,42600.0,44600.0,48850.0,37800.0,37000.0,42400.0,4374.824671811491,2018,10,41,-0.8660254037844386,0.5000000000000001,-1100.0
2018-10-15,40800,41500.0,42600.0,48350.0,37500.0,35800.0,42708.333333333336,4145.525152242884,2018,10,42,-0.8660254037844386,0.5000000000000001,-700.0
2018-10-22,39700,40800.0,41500.0,44600.0,37500.0,33800.0,42983.333333333336,3868.834293153221,2018,10,43,-0.8660254037844386,0.5000000000000001,-1100.0
2018-10-29,39500,39700.0,40800.0,42600.0,39400.0,31500.0,43166.666666666664,3630.1348167634733,2018,10,44,-0.8660254037844386,0.5000000000000001,-200.0
2018-11-05,38800,39500.0,39700.0,41500.0,39650.0,30000.0,43175.0,3620.804782465752,2018,11,45,-0.5000000000000004,0.8660254037844384,-700.0
2018-11-12,38300,38800.0,39500.0,40800.0,40750.0,32500.0,43104.166666666664,3703.4049648037303,2018,11,46,-0.5000000000000004,0.8660254037844384,-500.0
2018-11-19,38000,38300.0,38800.0,39700.0,43100.0,32500.0,42900.0,3906.9285774237665,2018,11,47,-0.5000000000000004,0.8660254037844384,-300.0
2018-11-26,37600,38000.0,38300.0,39500.0,48700.0,32000.0,42475.0,4152.846778251751,2018,11,48,-0.5000000000000004,0.8660254037844384,-400.0
2018-12-03,37600,37600.0,38000.0,38800.0,48850.0,31500.0,41550.0,3866.581765003054,2018,12,49,-2.4492935982947064e-16,1.0,0.0
2018-12-10,37300,37600.0,37600.0,38300.0,48350.0,31700.0,40612.5,3250.463253697226,2018,12,50,-2.4492935982947064e-16,1.0,-300.0
2018-12-17,37000,37300.0,37600.0,38000.0,44600.0,31800.0,39691.666666666664,2279.33735718923,2018,12,51,-2.4492935982947064e-16,1.0,-300.0
2018-12-24,36700,37000.0,37300.0,37600.0,42600.0,34600.0,39058.333333333336,1796.1870389209137,2018,12,52,-2.4492935982947064e-16,1.0,-300.0
2018-12-31,36000,36700.0,37000.0,37600.0,41500.0,35600.0,38566.666666666664,1525.7387679017636,2018,12,1,-2.4492935982947064e-16,1.0,-700.0
2019-01-07,36000,36000.0,36700.0,37300.0,40800.0,35600.0,38108.333333333336,1383.972105166285,2019,1,2,0.49999999999999994,0.8660254037844387,0.0
2019-01-14,35700,36000.0,36000.0,37000.0,39700.0,35600.0,37708.333333333336,1219.1340692423857,2019,1,3,0.49999999999999994,0.8660254037844387,-300.0
2019-01-21,35300,35700.0,36000.0,36700.0,39500.0,35300.0,37375.0,1170.95532093927,2019,1,4,0.49999999999999994,0.8660254037844387,-400.0
2019-01-28,34000,35300.0,35700.0,36000.0,38800.0,34500.0,37025.0,1103.8156960782546,2019,1,5,0.49999999999999994,0.8660254037844387,-1300.0
2019-02-04,33800,34000.0,35300.0,36000.0,38300.0,33700.0,36625.0,1260.6816338068152,2019,2,6,0.8660254037844386,0.5000000000000001,-200.0
2019-02-11,34550,33800.0,34000.0,35700.0,38000.0,34000.0,36250.0,1380.7112791468319,2019,2,7,0.8660254037844386,0.5000000000000001,750.0
2019-02-18,36000,34550.0,33800.0,35300.0,37600.0,33900.0,35962.5,1341.8313469419365,2019,2,8,0.8660254037844386,0.5000000000000001,1450.0
2019-02-25,37700,36000.0,34550.0,34000.0,37600.0,32700.0,35829.166666666664,1239.9520396393207,2019,2,9,0.8660254037844386,0.5000000000000001,1700.0
2019-03-04,40200,37700.0,36000.0,33800.0,37300.0,32900.0,35837.5,1253.2004483066598,2019,3,10,1.0,6.123233995736766e-17,2500.0
2019-03-11,40200,40200.0,37700.0,34550.0,37000.0,33300.0,36079.166666666664,1744.270925230855,2019,3,11,1.0,6.123233995736766e-17,0.0
2019-03-18,39900,40200.0,40200.0,36000.0,36700.0,33600.0,36345.833333333336,2105.1299175339764,2019,3,12,1.0,6.123233995736766e-17,-300.0
2019-03-25,39400,39900.0,40200.0,37700.0,36000.0,34800.0,36612.5,2343.281013683707,2019,3,13,1.0,6.123233995736766e-17,-500.0
2019-04-01,39300,39400.0,39900.0,40200.0,36000.0,36100.0,36895.833333333336,2464.8859768329057,2019,4,14,0.8660254037844387,-0.4999999999999998,-100.0
2019-04-08,39500,39300.0,39400.0,40200.0,35700.0,36100.0,37170.833333333336,2538.831006346722,2019,4,15,0.8660254037844387,-0.4999999999999998,200.0
2019-04-15,39500,39500.0,39300.0,39900.0,35300.0,35900.0,37487.5,2575.4192068299712,2019,4,16,0.8660254037844387,-0.4999999999999998,0.0
2019-04-22,39300,39500.0,39500.0,39400.0,34000.0,35900.0,37837.5,2536.2037665483763,2019,4,17,0.8660254037844387,-0.4999999999999998,-200.0
2019-04-29,39300,39300.0,39500.0,39300.0,33800.0,36400.0,38279.166666666664,2252.8223039851496,2019,4,18,0.8660254037844387,-0.4999999999999998,0.0
2019-05-06,39300,39300.0,39300.0,39500.0,34550.0,37900.0,38737.5,1765.4673602192765,2019,5,19,0.49999999999999994,-0.8660254037844387,0.0
2019-05-13,40300,39300.0,39300.0,39500.0,36000.0,37700.0,39133.333333333336,1174.9919406556294,2019,5,20,0.49999999999999994,-0.8660254037844387,1000.0
2019-05-20,40000,40300.0,39300.0,39300.0,37700.0,37900.0,39491.666666666664,686.8350779059324,2019,5,21,0.49999999999999994,-0.8660254037844387,-300.0
2019-05-27,40200,40000.0,40300.0,39300.0,40200.0,37900.0,39683.333333333336,404.1451884322749,2019,5,22,0.49999999999999994,-0.8660254037844387,200.0
2019-06-03,40200,40200.0,40000.0,39300.0,40200.0,37600.0,39683.333333333336,404.1451884322749,2019,6,23,1.2246467991473532e-16,-1.0,0.0
2019-06-10,40300,40200.0,40200.0,40300.0,39900.0,37400.0,39683.333333333336,404.1451884322749,2019,6,24,1.2246467991473532e-16,-1.0,100.0
2019-06-17,41500,40300.0,40200.0,40000.0,39400.0,37400.0,39716.666666666664,438.6618771033884,2019,6,25,1.2246467991473532e-16,-1.0,1200.0
2019-06-24,40500,41500.0,40300.0,40200.0,39300.0,37100.0,39891.666666666664,662.5821847248673,2019,6,26,1.2246467991473532e-16,-1.0,-1000.0
2019-07-01,40500,40500.0,41500.0,40200.0,39500.0,37100.0,39991.666666666664,655.6860852754688,2019,7,27,-0.4999999999999997,-0.8660254037844388,0.0
2019-07-08,40300,40500.0,40500.0,40300.0,39500.0,37200.0,40075.0,651.0481060284745,2019,7,28,-0.4999999999999997,-0.8660254037844388,-200.0
2019-07-15,39800,40300.0,40500.0,41500.0,39300.0,37800.0,40141.666666666664,627.3440890454245,2019,7,29,-0.4999999999999997,-0.8660254037844388,-500.0
2019-07-22,39800,39800.0,40300.0,40500.0,39300.0,37500.0,40183.333333333336,581.2734192085643,2019,7,30,-0.4999999999999997,-0.8660254037844388,0.0
2019-07-29,40200,39800.0,39800.0,40500.0,39300.0,37500.0,40225.0,527.6448530107339,2019,7,31,-0.4999999999999997,-0.8660254037844388,400.0
2019-08-05,40300,40200.0,39800.0,40300.0,40300.0,39400.0,40300.0,441.07307166169466,2019,8,32,-0.8660254037844385,-0.5000000000000004,100.0
2019-08-12,39200,40300.0,40200.0,39800.0,40000.0,39650.0,40300.0,441.07307166169466,2019,8,33,-0.8660254037844385,-0.5000000000000004,-1100.0
2019-08-19,38700,39200.0,40300.0,39800.0,40200.0,40750.0,40233.333333333336,539.9214308719183,2019,8,34,-0.8660254037844385,-0.5000000000000004,-500.0
2019-08-26,38200,38700.0,39200.0,40200.0,40200.0,43100.0,40108.333333333336,698.645876396397,2019,8,35,-0.8660254037844385,-0.5000000000000004,-500.0
2019-09-02,37700,38200.0,38700.0,40300.0,40300.0,48700.0,39941.666666666664,887.7533782564216,2019,9,36,-1.0,-1.8369701987210297e-16,-500.0
2019-09-09,36900,37700.0,38200.0,39200.0,41500.0,48850.0,39725.0,1087.2191382352873,2019,9,37,-1.0,-1.8369701987210297e-16,-800.0
2019-09-16,36200,36900.0,37700.0,38700.0,40500.0,48350.0,39341.666666666664,1208.649383954235,2019,9,38,-1.0,-1.8369701987210297e-16,-700.0
2019-09-23,35000,36200.0,36900.0,38200.0,40500.0,44600.0,38983.333333333336,1447.7778165382338,2019,9,39,-1.0,-1.8369701987210297e-16,-1200.0
2019-09-30,34200,35000.0,36200.0,37700.0,40300.0,42600.0,38525.0,1760.746226100419,2019,9,40,-1.0,-1.8369701987210297e-16,-800.0
2019-10-07,33500,34200.0,35000.0,36900.0,39800.0,41500.0,38016.666666666664,2057.2856492047526,2019,10,41,-0.8660254037844386,0.5000000000000001,-700.0
2019-10-14,33300,33500.0,34200.0,36200.0,39800.0,40800.0,37491.666666666664,2344.6101956821153,2019,10,42,-0.8660254037844386,0.5000000000000001,-200.0
2019-10-21,33500,33300.0,33500.0,35000.0,40200.0,39700.0,36950.0,2507.9872407967982,2019,10,43,-0.8660254037844386,0.5000000000000001,200.0
2019-10-28,33300,33500.0,33300.0,34200.0,40300.0,39500.0,36391.666666666664,2464.0905876696065,2019,10,44,-0.8660254037844386,0.5000000000000001,-200.0
2019-11-04,33800,33300.0,33500.0,33500.0,39200.0,38800.0,35808.333333333336,2276.14440080871,2019,11,45,-0.5000000000000004,0.8660254037844384,500.0
2019-11-11,33500,33800.0,33300.0,33300.0,38700.0,38300.0,35358.333333333336,2069.017480190254,2019,11,46,-0.5000000000000004,0.8660254037844384,-300.0
2019-11-18,32300,33500.0,33800.0,33500.0,38200.0,38000.0,34925.0,1837.055450244279,2019,11,47,-0.5000000000000004,0.8660254037844384,-1200.0
2019-11-25,32200,32300.0,33500.0,33300.0,37700.0,37600.0,34433.333333333336,1662.054223671331,2019,11,48,-0.5000000000000004,0.8660254037844384,-100.0
2019-12-02,31800,32200.0,32300.0,33800.0,36900.0,37600.0,33975.0,1420.0672199196656,2019,12,49,-2.4492935982947064e-16,1.0,-400.0
2019-12-09,31100,31800.0,32200.0,33500.0,36200.0,37300.0,33550.0,1213.1851391348457,2019,12,50,-2.4492935982947064e-16,1.0,-700.0
2019-12-16,30600,31100.0,31800.0,32300.0,35000.0,37000.0,33125.0,1087.2191382352053,2019,12,51,-2.4492935982947064e-16,1.0,-500.0
2019-12-23,31400,30600.0,31100.0,32200.0,34200.0,36700.0,32758.333333333332,1138.147085344522,2019,12,52,-2.4492935982947064e-16,1.0,800.0
2019-12-30,32900,31400.0,30600.0,31800.0,33500.0,36000.0,32525.0,1102.1672864280483,2019,12,1,-2.4492935982947064e-16,1.0,1500.0
2020-01-06,32900,32900.0,31400.0,31100.0,33300.0,36000.0,32475.0,1066.9625536580606,2020,1,2,0.49999999999999994,0.8660254037844387,0.0
2020-01-13,33400,32900.0,32900.0,30600.0,33500.0,35700.0,32441.666666666668,1044.8647875404085,2020,1,3,0.49999999999999994,0.8660254037844387,500.0
2020-01-20,32500,33400.0,32900.0,31400.0,33300.0,35300.0,32433.333333333332,1036.018017861066,2020,1,4,0.49999999999999994,0.8660254037844387,-900.0
2020-01-27,32890,32500.0,33400.0,32900.0,33800.0,34000.0,32366.666666666668,1000.302984402975,2020,1,5,0.49999999999999994,0.8660254037844387,390.0
2020-02-03,33400,32890.0,32500.0,32900.0,33500.0,33800.0,32290.833333333332,912.394037018719,2020,2,6,0.8660254037844386,0.5000000000000001,510.0
2020-02-10,32800,33400.0,32890.0,33400.0,32300.0,34550.0,32282.5,900.7282407229166,2020,2,7,0.8660254037844386,0.5000000000000001,-600.0
2020-02-17,32000,32800.0,33400.0,32500.0,32200.0,36000.0,32324.166666666668,913.0912364380918,2020,2,8,0.8660254037844386,0.5000000000000001,-800.0
2020-02-24,31500,32000.0,32800.0,32890.0,31800.0,37700.0,32307.5,917.3789243864979,2020,2,9,0.8660254037844386,0.5000000000000001,-500.0
2020-03-02,32500,31500.0,32000.0,33400.0,31100.0,40200.0,32282.5,936.3577890370464,2020,3,10,1.0,6.123233995736766e-17,1000.0
2020-03-09,33500,32500.0,31500.0,32800.0,30600.0,40200.0,32399.166666666668,859.7088125776542,2020,3,11,1.0,6.123233995736766e-17,1000.0
2020-03-16,34000,33500.0,32500.0,32000.0,31400.0,39900.0,32640.833333333332,700.9144459957294,2020,3,12,1.0,6.123233995736766e-17,500.0
2020-03-23,35000,34000.0,33500.0,31500.0,32900.0,39400.0,32857.5,684.1334930867505,2020,3,13,1.0,6.123233995736766e-17,1000.0
2020-03-30,35000,35000.0,34000.0,32500.0,32900.0,39300.0,33032.5,922.9116474995616,2020,3,14,1.0,6.123233995736766e-17,0.0
2020-04-06,34500,35000.0,35000.0,33500.0,33400.0,39500.0,33207.5,1081.052727668474,2020,4,15,0.8660254037844387,-0.4999999999999998,-500.0
2020-04-13,34000,34500.0,35000.0,34000.0,32500.0,39500.0,33299.166666666664,1143.681919649333,2020,4,16,0.8660254037844387,-0.4999999999999998,-500.0
2020-04-20,33500,34000.0,34500.0,35000.0,32890.0,39300.0,33424.166666666664,1130.2892496517165,2020,4,17,0.8660254037844387,-0.4999999999999998,-500.0
2020-04-27,33500,33500.0,34000.0,35000.0,33400.0,39300.0,33475.0,1117.729028797962,2020,4,18,0.8660254037844387,-0.4999999999999998,0.0
2020-05-04,33500,33500.0,33500.0,34500.0,32800.0,39300.0,33483.333333333336,1117.4917801878153,2020,5,19,0.49999999999999994,-0.8660254037844387,0.0
2020-05-11,33500,33500.0,33500.0,34000.0,32000.0,40300.0,33541.666666666664,1096.6546927592885,2020,5,20,0.49999999999999994,-0.8660254037844387,0.0
2020-05-18,33500,33500.0,33500.0,33500.0,31500.0,40000.0,33666.666666666664,984.7319278343864,2020,5,21,0.49999999999999994,-0.8660254037844387,0.0
2020-05-25,33500,33500.0,33500.0,33500.0,32500.0,40200.0,33833.333333333336,717.7405625648978,2020,5,22,0.49999999999999994,-0.8660254037844387,0.0
2020-06-01,33000,33500.0,33500.0,33500.0,33500.0,40200.0,33916.666666666664,596.7081414394053,2020,6,23,1.2246467991473532e-16,-1.0,-500.0
2020-06-08,33000,33000.0,33500.0,33500.0,34000.0,40300.0,33875.0,644.0285143316164,2020,6,24,1.2246467991473532e-16,-1.0,0.0
2020-06-15,33000,33000.0,33000.0,33500.0,35000.0,41500.0,33791.666666666664,689.477184450832,2020,6,25,1.2246467991473532e-16,-1.0,0.0
2020-06-22,33700,33000.0,33000.0,33500.0,35000.0,40500.0,33625.0,607.7155435050468,2020,6,26,1.2246467991473532e-16,-1.0,700.0
2020-06-29,34500,33700.0,33000.0,33000.0,34500.0,40500.0,33516.666666666664,430.29236008900307,2020,6,27,1.2246467991473532e-16,-1.0,800.0
2020-07-06,34500,34500.0,33700.0,33000.0,34000.0,40300.0,33516.666666666664,430.29236008900307,2020,7,28,-0.4999999999999997,-0.8660254037844388,0.0
2020-07-13,35000,34500.0,34500.0,33000.0,33500.0,39800.0,33558.333333333336,499.92423668361175,2020,7,29,-0.4999999999999997,-0.8660254037844388,500.0
2020-07-20,35000,35000.0,34500.0,33700.0,33500.0,39800.0,33683.333333333336,649.2419822489933,2020,7,30,-0.4999999999999997,-0.8660254037844388,0.0
2020-07-27,35100,35000.0,35000.0,34500.0,33500.0,40200.0,33808.333333333336,747.6731582146062,2020,7,31,-0.4999999999999997,-0.8660254037844388,100.0
2020-08-03,35100,35100.0,35000.0,34500.0,33500.0,40300.0,33941.666666666664,826.2272781450442,2020,8,32,-0.8660254037844385,-0.5000000000000004,0.0
2020-08-10,35200,35100.0,35100.0,35000.0,33500.0,39200.0,34075.0,876.0707733964504,2020,8,33,-0.8660254037844385,-0.5000000000000004,100.0
2020-08-17,35500,35200.0,35100.0,35000.0,33500.0,38700.0,34216.666666666664,911.3759161869035,2020,8,34,-0.8660254037844385,-0.5000000000000004,300.0
2020-08-24,36500,35500.0,35200.0,35100.0,33000.0,38200.0,34383.333333333336,950.4384952919334,2020,8,35,-0.8660254037844385,-0.5000000000000004,1000.0
2020-08-31,37200,36500.0,35500.0,35100.0,33000.0,37700.0,34675.0,1021.6964502057866,2020,8,36,-0.8660254037844385,-0.5000000000000004,700.0
2020-09-07,37500,37200.0,36500.0,35200.0,33000.0,36900.0,35025.0,1111.2032790053343,2020,9,37,-1.0,-1.8369701987210297e-16,300.0
2020-09-14,37500,37500.0,37200.0,35500.0,33700.0,36200.0,35400.0,1124.924239873085,2020,9,38,-1.0,-1.8369701987210297e-16,0.0
2020-09-21,38000,37500.0,37500.0,36500.0,34500.0,35000.0,35716.666666666664,1137.6477593007096,2020,9,39,-1.0,-1.8369701987210297e-16,500.0
2020-09-28,38500,38000.0,37500.0,37200.0,34500.0,34200.0,36008.333333333336,1241.3030787574976,2020,9,40,-1.0,-1.8369701987210297e-16,500.0
2020-10-05,39500,38500.0,38000.0,37500.0,35000.0,33500.0,36341.666666666664,1333.1155125106336,2020,10,41,-0.8660254037844386,0.5000000000000001,1000.0
2020-10-12,40000,39500.0,38500.0,37500.0,35000.0,33300.0,36716.666666666664,1538.4959203615817,2020,10,42,-0.8660254037844386,0.5000000000000001,500.0
2020-10-19,39500,40000.0,39500.0,38000.0,35100.0,33500.0,37133.333333333336,1699.9108711036927,2020,10,43,-0.8660254037844386,0.5000000000000001,-500.0
2020-10-26,39500,39500.0,40000.0,38500.0,35100.0,33300.0,37500.0,1695.9845625368155,2020,10,44,-0.8660254037844386,0.5000000000000001,0.0
2020-11-02,39500,39500.0,39500.0,39500.0,35200.0,33800.0,37866.666666666664,1603.027438847052,2020,11,45,-0.5000000000000004,0.8660254037844384,0.0
2020-11-09,39500,39500.0,39500.0,40000.0,35500.0,33500.0,38225.0,1423.2644934028954,2020,11,46,-0.5000000000000004,0.8660254037844384,0.0
2020-11-16,39500,39500.0,39500.0,39500.0,36500.0,32300.0,38558.333333333336,1173.5403570804722,2020,11,47,-0.5000000000000004,0.8660254037844384,0.0
2020-11-23,39500,39500.0,39500.0,39500.0,37200.0,32200.0,38808.333333333336,1002.2323567762602,2020,11,48,-0.5000000000000004,0.8660254037844384,0.0
2020-11-30,41500,39500.0,39500.0,39500.0,37500.0,31800.0,39000.0,879.0490729913079,2020,11,49,-0.5000000000000004,0.8660254037844384,2000.0
2020-12-07,42500,41500.0,39500.0,39500.0,37500.0,31100.0,39333.333333333336,1007.5472768814041,2020,12,50,-2.4492935982947064e-16,1.0,1000.0
2020-12-14,51000,42500.0,41500.0,39500.0,38000.0,30600.0,39750.0,1196.5860528260464,2020,12,51,-2.4492935982947064e-16,1.0,8500.0
2020-12-21,58000,51000.0,42500.0,39500.0,38500.0,31400.0,40833.333333333336,3373.245896579076,2020,12,52,-2.4492935982947064e-16,1.0,7000.0
2020-12-28,61000,58000.0,51000.0,41500.0,39500.0,32900.0,42458.333333333336,5898.606666498487,2020,12,53,-2.4492935982947064e-16,1.0,3000.0
2021-01-04,61000,61000.0,58000.0,42500.0,40000.0,32900.0,44250.0,7858.116822750849,2021,1,1,0.49999999999999994,0.8660254037844387,0.0
2021-01-11,61000,61000.0,61000.0,51000.0,39500.0,33400.0,46000.0,9070.431482169262,2021,1,2,0.49999999999999994,0.8660254037844387,0.0
2021-01-18,62000,61000.0,61000.0,58000.0,39500.0,32500.0,47791.666666666664,9766.497309525552,2021,1,3,0.49999999999999994,0.8660254037844387,1000.0
2021-01-25,62000,62000.0,61000.0,61000.0,39500.0,32890.0,49666.666666666664,10180.938814839987,2021,1,4,0.49999999999999994,0.8660254037844387,0.0
2021-02-01,59000,62000.0,62000.0,61000.0,39500.0,33400.0,51541.666666666664,10210.196181298696,2021,2,5,0.8660254037844386,0.5000000000000001,-3000.0
2021-02-08,55000,59000.0,62000.0,61000.0,39500.0,32800.0,53166.666666666664,9656.211692088402,2021,2,6,0.8660254037844386,0.5000000000000001,-4000.0
2021-02-15,51500,55000.0,59000.0,62000.0,39500.0,32000.0,54458.333333333336,8645.698702858357,2021,2,7,0.8660254037844386,0.5000000000000001,-3500.0
2021-02-22,48500,51500.0,55000.0,62000.0,41500.0,31500.0,55458.333333333336,7356.068408072557,2021,2,8,0.8660254037844386,0.5000000000000001,-3000.0
2021-03-01,48000,48500.0,51500.0,59000.0,42500.0,32500.0,56041.666666666664,6358.452975561349,2021,3,9,1.0,6.123233995736766e-17,-500.0
2021-03-08,49000,48000.0,48500.0,55000.0,51000.0,33500.0,56500.0,5423.014927979792,2021,3,10,1.0,6.123233995736766e-17,1000.0
2021-03-15,50500,49000.0,48000.0,51500.0,58000.0,34000.0,56333.333333333336,5634.041554907542,2021,3,11,1.0,6.123233995736766e-17,1500.0
2021-03-22,50800,50500.0,49000.0,48500.0,61000.0,35000.0,55708.333333333336,5844.415879255829,2021,3,12,1.0,6.123233995736766e-17,300.0
2021-03-29,51500,50800.0,50500.0,48000.0,61000.0,35000.0,54858.333333333336,5745.742824566834,2021,3,13,1.0,6.123233995736766e-17,700.0
2021-04-05,53500,51500.0,50800.0,49000.0,61000.0,34500.0,54066.666666666664,5470.471698680216,2021,4,14,0.8660254037844387,-0.4999999999999998,2000.0
2021-04-12,54500,53500.0,51500.0,50500.0,62000.0,34000.0,53441.666666666664,5015.8763094314545,2021,4,15,0.8660254037844387,-0.4999999999999998,1000.0
2021-04-19,58500,54500.0,53500.0,50800.0,62000.0,33500.0,52816.666666666664,4263.339138053778,2021,4,16,0.8660254037844387,-0.4999999999999998,4000.0
2021-04-26,60500,58500.0,54500.0,51500.0,59000.0,33500.0,52525.0,3654.169474101474,2021,4,17,0.8660254037844387,-0.4999999999999998,2000.0
2021-05-03,62500,60500.0,58500.0,53500.0,55000.0,33500.0,52650.0,3912.3348062715872,2021,5,18,0.49999999999999994,-0.8660254037844387,2000.0
2021-05-10,63500,62500.0,60500.0,54500.0,51500.0,33500.0,53275.0,4816.472681424616,2021,5,19,0.49999999999999994,-0.8660254037844387,1000.0
2021-05-17,67000,63500.0,62500.0,58500.0,48500.0,33500.0,54275.0,5596.935037874071,2021,5,20,0.49999999999999994,-0.8660254037844387,3500.0
2021-05-24,71900,67000.0,63500.0,60500.0,48000.0,33500.0,55816.666666666664,6357.79168827635,2021,5,21,0.49999999999999994,-0.8660254037844387,4900.0
2021-05-31,71900,71900.0,67000.0,62500.0,49000.0,33000.0,57808.333333333336,7352.236312026403,2021,5,22,0.49999999999999994,-0.8660254037844387,0.0
2021-06-07,72500,71900.0,71900.0,63500.0,50500.0,33000.0,59716.666666666664,7815.466406524698,2021,6,23,1.2246467991473532e-16,-1.0,600.0
2021-06-14,74000,72500.0,71900.0,67000.0,50800.0,33000.0,61550.0,8034.188311097945,2021,6,24,1.2246467991473532e-16,-1.0,1500.0
2021-06-21,74000,74000.0,72500.0,71900.0,51500.0,33700.0,63483.333333333336,8003.503020931631,2021,6,25,1.2246467991473532e-16,-1.0,0.0
2021-06-28,74000,74000.0,74000.0,71900.0,53500.0,34500.0,65358.333333333336,7564.4453420812415,2021,6,26,1.2246467991473532e-16,-1.0,0.0
2021-07-05,74000,74000.0,74000.0,72500.0,54500.0,34500.0,67066.66666666667,6931.264260034067,2021,7,27,-0.4999999999999997,-0.8660254037844388,0.0
2021-07-12,73500,74000.0,74000.0,74000.0,58500.0,35000.0,68691.66666666667,5930.8834744817095,2021,7,28,-0.4999999999999997,-0.8660254037844388,-500.0
2021-07-19,72500,73500.0,74000.0,74000.0,60500.0,35000.0,69941.66666666667,5111.743757508366,2021,7,29,-0.4999999999999997,-0.8660254037844388,-1000.0
2021-07-26,71500,72500.0,73500.0,74000.0,62500.0,35100.0,70941.66666666667,4186.875236071144,2021,7,30,-0.4999999999999997,-0.8660254037844388,-1000.0
2021-08-02,69500,71500.0,72500.0,74000.0,63500.0,35100.0,71691.66666666667,3235.1642738490846,2021,8,31,-0.8660254037844385,-0.5000000000000004,-2000.0
2021-08-09,66000,69500.0,71500.0,73500.0,67000.0,35200.0,72191.66666666667,2128.361868298215,2021,8,32,-0.8660254037844385,-0.5000000000000004,-3500.0
2021-08-16,65000,66000.0,69500.0,72500.0,71900.0,35500.0,72108.33333333333,2357.3707747612793,2021,8,33,-0.8660254037844385,-0.5000000000000004,-1000.0
2021-08-23,63500,65000.0,66000.0,71500.0,71900.0,36500.0,71533.33333333333,3128.267988210442,2021,8,34,-0.8660254037844385,-0.5000000000000004,-1500.0
2021-08-30,62000,63500.0,65000.0,69500.0,72500.0,37200.0,70833.33333333333,3886.6515930891183,2021,8,35,-0.8660254037844385,-0.5000000000000004,-1500.0
2021-09-06,59000,62000.0,63500.0,66000.0,74000.0,37500.0,69958.33333333333,4594.751617252446,2021,9,36,-1.0,-1.8369701987210297e-16,-3000.0
2021-09-13,56500,59000.0,62000.0,65000.0,74000.0,37500.0,68708.33333333333,5370.1969378707745,2021,9,37,-1.0,-1.8369701987210297e-16,-2500.0
2021-09-20,55000,56500.0,59000.0,63500.0,74000.0,38000.0,67250.0,6125.579749928059,2021,9,38,-1.0,-1.8369701987210297e-16,-1500.0
2021-09-27,54000,55000.0,56500.0,62000.0,74000.0,38500.0,65666.66666666667,6654.913882829753,2021,9,39,-1.0,-1.8369701987210297e-16,-1000.0
2021-10-04,56800,54000.0,55000.0,59000.0,73500.0,39500.0,64000.0,6878.82125208841,2021,10,40,-0.8660254037844386,0.5000000000000001,2800.0
2021-10-11,59000,56800.0,54000.0,56500.0,72500.0,40000.0,62608.333333333336,6458.603611157902,2021,10,41,-0.8660254037844386,0.5000000000000001,2200.0
2021-10-18,64000,59000.0,56800.0,55000.0,71500.0,39500.0,61483.333333333336,5711.5247659023935,2021,10,42,-0.8660254037844386,0.5000000000000001,5000.0
2021-10-25,73000,64000.0,59000.0,54000.0,69500.0,39500.0,60858.333333333336,4863.118777330598,2021,10,43,-0.8660254037844386,0.5000000000000001,9000.0
2021-11-01,77000,73000.0,64000.0,56800.0,66000.0,39500.0,61150.0,5492.722457943896,2021,11,44,-0.5000000000000004,0.8660254037844384,4000.0
2021-11-08,79000,77000.0,73000.0,59000.0,65000.0,39500.0,62066.666666666664,7067.767209899786,2021,11,45,-0.5000000000000004,0.8660254037844384,2000.0
2021-11-15,78000,79000.0,77000.0,64000.0,63500.0,39500.0,63233.333333333336,8587.976090635948,2021,11,46,-0.5000000000000004,0.8660254037844384,-1000.0
2021-11-22,72500,78000.0,79000.0,73000.0,62000.0,39500.0,64441.666666666664,9590.474282833899,2021,11,47,-0.5000000000000004,0.8660254037844384,-5500.0
2021-11-29,64000,72500.0,78000.0,77000.0,59000.0,41500.0,65316.666666666664,9823.611012928739,2021,11,48,-0.5000000000000004,0.8660254037844384,-8500.0
2021-12-06,61500,64000.0,72500.0,79000.0,56500.0,42500.0,65733.33333333333,9635.571722749197,2021,12,49,-2.4492935982947064e-16,1.0,-2500.0
2021-12-13,60500,61500.0,64000.0,78000.0,55000.0,51000.0,66150.0,9302.345745221357,2021,12,50,-2.4492935982947064e-16,1.0,-1000.0
2021-12-20,61500,60500.0,61500.0,72500.0,54000.0,58000.0,66608.33333333333,8826.350870941584,2021,12,51,-2.4492935982947064e-16,1.0,1000.0
2021-12-27,62500,61500.0,60500.0,64000.0,56800.0,61000.0,67233.33333333333,8086.951704986835,2021,12,52,-2.4492935982947064e-16,1.0,1000.0
2022-01-03,63500,62500.0,61500.0,61500.0,59000.0,61000.0,67708.33333333333,7569.250993728653,2022,1,1,0.49999999999999994,0.8660254037844387,1000.0
2022-01-10,63500,63500.0,62500.0,60500.0,64000.0,61000.0,68083.33333333333,7201.1152334942,2022,1,2,0.49999999999999994,0.8660254037844387,0.0
2022-01-17,63700,63500.0,63500.0,61500.0,73000.0,62000.0,68041.66666666667,7228.285139686152,2022,1,3,0.49999999999999994,0.8660254037844387,200.0
2022-01-24,62500,63700.0,63500.0,62500.0,77000.0,62000.0,67266.66666666667,7146.433736593148,2022,1,4,0.49999999999999994,0.8660254037844387,-1200.0
2022-01-31,62900,62500.0,63700.0,63500.0,79000.0,59000.0,66058.33333333333,6552.231865879285,2022,1,5,0.49999999999999994,0.8660254037844387,400.0
2022-02-07,65000,62900.0,62500.0,63500.0,78000.0,55000.0,64716.666666666664,5162.246398496426,2022,2,6,0.8660254037844386,0.5000000000000001,2100.0
2022-02-14,65500,65000.0,62900.0,63700.0,72500.0,51500.0,63633.333333333336,3055.348018663818,2022,2,7,0.8660254037844386,0.5000000000000001,500.0
2022-02-21,69000,65500.0,65000.0,62500.0,64000.0,48500.0,63050.0,1460.6972183302541,2022,2,8,0.8660254037844386,0.5000000000000001,3500.0
2022-02-28,78000,69000.0,65500.0,62900.0,61500.0,48000.0,63466.666666666664,2254.019977863431,2022,2,9,0.8660254037844386,0.5000000000000001,9000.0
2022-03-07,77000,78000.0,69000.0,65000.0,60500.0,49000.0,64841.666666666664,4676.33468227067,2022,3,10,1.0,6.123233995736766e-17,-1000.0
2022-03-14,74000,77000.0,78000.0,65500.0,61500.0,50500.0,66216.66666666667,5615.212022765268,2022,3,11,1.0,6.123233995736766e-17,-3000.0
2022-03-21,67000,74000.0,77000.0,69000.0,62500.0,50800.0,67258.33333333333,5816.506032339693,2022,3,12,1.0,6.123233995736766e-17,-7000.0
2022-03-28,69500,67000.0,74000.0,78000.0,63500.0,51500.0,67633.33333333333,5623.7052381914755,2022,3,13,1.0,6.123233995736766e-17,2500.0
2022-04-04,69500,69500.0,67000.0,77000.0,63500.0,53500.0,68133.33333333333,5487.893010707422,2022,4,14,0.8660254037844387,-0.4999999999999998,0.0
2022-04-11,67500,69500.0,69500.0,74000.0,63700.0,54500.0,68633.33333333333,5297.397874657515,2022,4,15,0.8660254037844387,-0.4999999999999998,-2000.0
2022-04-18,64000,67500.0,69500.0,67000.0,62500.0,58500.0,68950.0,5085.0046929451755,2022,4,16,0.8660254037844387,-0.4999999999999998,-3500.0
2022-04-25,61500,64000.0,67500.0,69500.0,62900.0,60500.0,69075.0,4928.050508891276,2022,4,17,0.8660254037844387,-0.4999999999999998,-2500.0
2022-05-02,58000,61500.0,64000.0,69500.0,65000.0,62500.0,68958.33333333333,5101.061980934467,2022,5,18,0.49999999999999994,-0.8660254037844387,-3500.0
2022-05-09,56000,58000.0,61500.0,67500.0,65500.0,63500.0,68375.0,5928.072659351196,2022,5,19,0.49999999999999994,-0.8660254037844387,-2000.0
2022-05-16,54000,56000.0,58000.0,64000.0,69000.0,67000.0,67583.33333333333,6901.36130620543,2022,5,20,0.49999999999999994,-0.8660254037844387,-2000.0
2022-05-23,50000,54000.0,56000.0,61500.0,78000.0,71900.0,66333.33333333333,7906.652358308987,2022,5,21,0.49999999999999994,-0.8660254037844387,-4000.0
2022-05-30,46000,50000.0,54000.0,58000.0,77000.0,71900.0,64000.0,8273.726213414777,2022,5,22,0.49999999999999994,-0.8660254037844387,-4000.0
2022-06-06,43500,46000.0,50000.0,56000.0,74000.0,72500.0,61416.666666666664,8675.549061307456,2022,6,23,1.2246467991473532e-16,-1.0,-2500.0
2022-06-13,42000,43500.0,46000.0,54000.0,67000.0,74000.0,58875.0,9110.745404091958,2022,6,24,1.2246467991473532e-16,-1.0,-1500.0
2022-06-20,43000,42000.0,43500.0,50000.0,69500.0,74000.0,56791.666666666664,9907.431401210795,2022,6,25,1.2246467991473532e-16,-1.0,1000.0
2022-06-27,44000,43000.0,42000.0,46000.0,69500.0,74000.0,54583.333333333336,9769.696499736838,2022,6,26,1.2246467991473532e-16,-1.0,1000.0
2022-07-04,45000,44000.0,43000.0,43500.0,67500.0,74000.0,52458.333333333336,8970.807031024528,2022,7,27,-0.4999999999999997,-0.8660254037844388,1000.0
2022-07-11,45500,45000.0,44000.0,42000.0,64000.0,73500.0,50583.333333333336,7818.490127818033,2022,7,28,-0.4999999999999997,-0.8660254037844388,500.0
2022-07-18,47000,45500.0,45000.0,43000.0,61500.0,72500.0,49041.666666666664,6672.39337369533,2022,7,29,-0.4999999999999997,-0.8660254037844388,1500.0
2022-07-25,47500,47000.0,45500.0,44000.0,58000.0,71500.0,47833.333333333336,5403.422035800054,2022,7,30,-0.4999999999999997,-0.8660254037844388,500.0
2022-08-01,47500,47500.0,47000.0,45000.0,56000.0,69500.0,46958.333333333336,4356.073781271228,2022,8,31,-0.8660254037844385,-0.5000000000000004,0.0
2022-08-08,49000,47500.0,47500.0,45500.0,54000.0,66000.0,46250.0,3320.0492876954445,2022,8,32,-0.8660254037844385,-0.5000000000000004,1500.0
2022-08-15,47500,49000.0,47500.0,47000.0,50000.0,65000.0,45833.333333333336,2461.8298195865973,2022,8,33,-0.8660254037844385,-0.5000000000000004,-1500.0
2022-08-22,46500,47500.0,49000.0,47500.0,46000.0,63500.0,45625.0,2165.0635094610275,2022,8,34,-0.8660254037844385,-0.5000000000000004,-1000.0
2022-08-29,46000,46500.0,47500.0,47500.0,43500.0,62000.0,45666.666666666664,2177.7107802515798,2022,8,35,-0.8660254037844385,-0.5000000000000004,-500.0
2022-09-05,46000,46000.0,46500.0,49000.0,42000.0,59000.0,45875.0,2068.431553353606,2022,9,36,-1.0,-1.8369701987210297e-16,0.0
2022-09-12,46000,46000.0,46000.0,47500.0,43000.0,56500.0,46208.333333333336,1671.3948085537281,2022,9,37,-1.0,-1.8369701987210297e-16,0.0
2022-09-19,46000,46000.0,46000.0,46500.0,44000.0,55000.0,46458.333333333336,1339.2388159176,2022,9,38,-1.0,-1.8369701987210297e-16,0.0
2022-09-26,45500,46000.0,46000.0,46000.0,45000.0,54000.0,46625.0,1110.3848636640946,2022,9,39,-1.0,-1.8369701987210297e-16,-500.0
2022-10-03,45500,45500.0,46000.0,46000.0,45500.0,56800.0,46666.666666666664,1051.6941599440372,2022,10,40,-0.8660254037844386,0.5000000000000001,0.0
2022-10-10,45000,45500.0,45500.0,46000.0,47000.0,59000.0,46666.666666666664,1051.6941599440372,2022,10,41,-0.8660254037844386,0.5000000000000001,-500.0
2022-10-17,44000,45000.0,45500.0,46000.0,47500.0,64000.0,46500.0,1148.120994574002,2022,10,42,-0.8660254037844386,0.5000000000000001,-1000.0
2022-10-24,43000,44000.0,45000.0,45500.0,47500.0,73000.0,46208.333333333336,1304.8568945103796,2022,10,43,-0.8660254037844386,0.5000000000000001,-1000.0
2022-10-31,42000,43000.0,44000.0,45500.0,49000.0,77000.0,45833.333333333336,1527.525231651858,2022,10,44,-0.8660254037844386,0.5000000000000001,-1000.0
2022-11-07,41500,42000.0,43000.0,45000.0,47500.0,79000.0,45250.0,1544.7859516332094,2022,11,45,-0.5000000000000004,0.8660254037844384,-500.0
2022-11-14,41000,41500.0,42000.0,44000.0,46500.0,78000.0,44750.0,1712.2552910760205,2022,11,46,-0.5000000000000004,0.8660254037844384,-500.0
2022-11-21,40000,41000.0,41500.0,43000.0,46000.0,72500.0,44291.666666666664,1924.2275112759207,2022,11,47,-0.5000000000000004,0.8660254037844384,-1000.0
2022-11-28,40000,40000.0,41000.0,42000.0,46000.0,64000.0,43791.666666666664,2199.776159411389,2022,11,48,-0.5000000000000004,0.8660254037844384,0.0
2022-12-05,40500,40000.0,40000.0,41500.0,46000.0,61500.0,43291.666666666664,2330.2197841456436,2022,12,49,-2.4492935982947064e-16,1.0,500.0
2022-12-12,41700,40500.0,40000.0,41000.0,46000.0,60500.0,42833.333333333336,2289.634084831838,2022,12,50,-2.4492935982947064e-16,1.0,1200.0
2022-12-19,41700,41700.0,40500.0,40000.0,45500.0,61500.0,42475.0,2075.451758051595,2022,12,51,-2.4492935982947064e-16,1.0,0.0
2022-12-26,42500,41700.0,41700.0,40000.0,45500.0,62500.0,42158.333333333336,1849.5494946966833,2022,12,52,-2.4492935982947064e-16,1.0,800.0
2023-01-02,42700,42500.0,41700.0,40500.0,45000.0,63500.0,41908.333333333336,1532.3531122445174,2023,1,1,0.49999999999999994,0.8660254037844387,200.0
2023-01-09,42700,42700.0,42500.0,41700.0,44000.0,63500.0,41716.666666666664,1223.135563238999,2023,1,2,0.49999999999999994,0.8660254037844387,0.0
2023-01-16,42700,42700.0,42700.0,41700.0,43000.0,63700.0,41608.333333333336,1047.4717035301412,2023,1,3,0.49999999999999994,0.8660254037844387,0.0
2023-01-23,42800,42700.0,42700.0,42500.0,42000.0,62500.0,41583.333333333336,1014.2918114562708,2023,1,4,0.49999999999999994,0.8660254037844387,100.0
2023-01-30,42800,42800.0,42700.0,42700.0,41500.0,62900.0,41650.0,1068.9842247323595,2023,1,5,0.49999999999999994,0.8660254037844387,0.0
2023-02-06,44500,42800.0,42800.0,42700.0,41000.0,65000.0,41758.333333333336,1117.186672228702,2023,2,6,0.8660254037844386,0.5000000000000001,1700.0
2023-02-13,44500,44500.0,42800.0,42700.0,40000.0,65500.0,42050.0,1336.5491522435834,2023,2,7,0.8660254037844386,0.5000000000000001,0.0
2023-02-20,46000,44500.0,44500.0,42800.0,40000.0,69000.0,42425.0,1340.36969120103,2023,2,8,0.8660254037844386,0.5000000000000001,1500.0
2023-02-27,49200,46000.0,44500.0,42800.0,40500.0,78000.0,42925.0,1466.6752754566492,2023,2,9,0.8660254037844386,0.5000000000000001,3200.0
2023-03-06,53700,49200.0,46000.0,44500.0,41700.0,77000.0,43650.0,2150.0528534728637,2023,3,10,1.0,6.123233995736766e-17,4500.0
2023-03-13,55500,53700.0,49200.0,44500.0,41700.0,74000.0,44650.0,3516.8425921814346,2023,3,11,1.0,6.123233995736766e-17,1800.0
